number of layers,mse,bias,variance
1,0.0815408045402541,0.019518256863072986,0.046507466034707144
2,0.08970189377521384,0.023648048173829827,0.050713043358945595
3,0.08703621538823303,0.023504350976612808,0.04901405535727669
4,0.08431669392022521,0.02468509340577231,0.0439475251938052
5,0.09470943592437989,0.02549551848351348,0.04124386125174792
