layer size,mse,bias,variance
10,0.10002095812670127,0.030116059853451345,0.05582974672493669
20,0.09607228849871849,0.022044268573934617,0.05879559673390819
30,0.10076326799336408,0.02599792980885396,0.0511554575471842
40,0.09433866660026731,0.025431903338763977,0.05309483656807756
50,0.10279984230538586,0.02207284237946159,0.056216433418047676
60,0.11256814514183436,0.028387738088099846,0.06168109716533632
70,0.1077895027994161,0.02601067272428263,0.058610768200173566
80,0.08662785971500034,0.023631068682438822,0.04768458206541586
90,0.11177541982979063,0.025189589398889656,0.05859500677219587
